strategy,minimum_high_need_share,provider_name,treatment_function_name,Random Forest,target_breach_52w_rate,high_equity_need,deprivation_disparity,ethnicity_disparity,age_disparity,sex_disparity
Equity-constrained forecast,0.0,MID AND SOUTH ESSEX NHS FOUNDATION TRUST,Ear Nose and Throat Service,0.1498272081370357,0.15019386003940763,False,0.00339432907127335,0.002828415075736279,0.027369087432716488,0.0023996046125172033
Equity-constrained forecast,0.0,MID AND SOUTH ESSEX NHS FOUNDATION TRUST,Oral Surgery Service,0.14257148196539074,0.14425393226583533,False,0.00339432907127335,0.002828415075736279,0.027369087432716488,0.0023996046125172033
Equity-constrained forecast,0.0,JAMES PAGET UNIVERSITY HOSPITALS NHS FOUNDATION TRUST,Ear Nose and Throat Service,0.13254082000968193,0.12285633961203261,False,0.006151577395059775,0.026125275607303156,0.08975759030361219,0.006987405933018942
Equity-constrained forecast,0.0,LEWISHAM AND GREENWICH NHS TRUST,General Internal Medicine Service,0.12741442288283544,0.17857142857142858,False,0.008699633699633696,0.020574420892539448,0.04724233842098935,0.02737400951808866
Equity-constrained forecast,0.0,THE ROBERT JONES AND AGNES HUNT ORTHOPAEDIC HOSPITAL NHS FOUNDATION TRUST,Trauma and Orthopaedic Service,0.12645805847176703,0.1603754743359297,True,0.0333137944509574,0.05009276437847865,0.16694427398381112,0.023910756552993795
Equity-constrained forecast,0.0,MID AND SOUTH ESSEX NHS FOUNDATION TRUST,Trauma and Orthopaedic Service,0.11934211409735976,0.19027149321266967,False,0.00339432907127335,0.002828415075736279,0.027369087432716488,0.0023996046125172033
Equity-constrained forecast,0.0,LEEDS TEACHING HOSPITALS NHS TRUST,Ear Nose and Throat Service,0.11042027423319732,0.07331975560081466,True,0.008786270517933542,0.012757390766519383,0.08494815994673777,0.07252712413326123
Equity-constrained forecast,0.0,NOTTINGHAM UNIVERSITY HOSPITALS NHS TRUST,Elderly Medicine Service,0.10309161319811457,0.05584192439862543,True,0.016457640369608423,0.012883401728494934,0.07258404246356054,0.05729744724368713
Equity-constrained forecast,0.0,PORTSMOUTH HOSPITALS UNIVERSITY NHS TRUST,Other - Other Services,0.09998744813184944,0.07140880154995849,False,0.0130594294757225,0.016670993048945815,0.08309847903697794,0.03739868545218872
Equity-constrained forecast,0.0,HULL UNIVERSITY TEACHING HOSPITALS NHS TRUST,Plastic Surgery Service,0.09901528882968459,0.1307743807185896,False,0.009187734636970923,0.008111537913212175,0.06750699160450635,0.020245354788600567
Equity-constrained forecast,0.0,THE ROYAL WOLVERHAMPTON NHS TRUST,Oral Surgery Service,0.09712654115298257,0.06600169779286927,False,0.02687840044822945,0.009500023491483406,0.10264676194694611,0.015954004082543327
Equity-constrained forecast,0.0,NORTHERN LINCOLNSHIRE AND GOOLE NHS FOUNDATION TRUST,Gastroenterology Service,0.08989239855822838,0.09783928137897548,True,0.01796573802791518,0.04109908970431686,0.10927805188009265,0.05277305309196939
Equity-constrained forecast,0.0,MEDWAY NHS FOUNDATION TRUST,Rheumatology Service,0.0890662605987066,0.08665667166416792,True,0.04158532978408755,0.05191905358058091,0.173023574049885,0.09198217352195603
Equity-constrained forecast,0.0,BLACKPOOL TEACHING HOSPITALS NHS FOUNDATION TRUST,Gynaecology Service,0.08538711644168592,0.11751732829237554,True,0.0181962552737593,0.029402948374178894,0.10087544891716604,0.0923951597442545
Equity-constrained forecast,0.0,WORCESTERSHIRE ACUTE HOSPITALS NHS TRUST,Oral Surgery Service,0.08430966781014144,0.04080061585835258,False,0.01291798709641534,0.0332590771404121,0.06869757174392932,0.049078494168831976
Equity-constrained forecast,0.0,NORFOLK AND NORWICH UNIVERSITY HOSPITALS NHS FOUNDATION TRUST,Trauma and Orthopaedic Service,0.0840802310560005,0.09402823018458198,False,0.014265858118742175,0.02941142578789957,0.024400407650979616,0.02131872034543525
Equity-constrained forecast,0.0,EAST KENT HOSPITALS UNIVERSITY NHS FOUNDATION TRUST,Cardiology Service,0.08357613009302119,0.12426928153875165,False,0.007474914741967792,0.015770359392732414,0.007333819116628781,0.040037223240651953
Equity-constrained forecast,0.0,MID AND SOUTH ESSEX NHS FOUNDATION TRUST,Other - Paediatric Services,0.08190464000213665,0.11937377690802348,False,0.00339432907127335,0.002828415075736279,0.027369087432716488,0.0023996046125172033
Equity-constrained forecast,0.0,UNIVERSITY HOSPITALS SUSSEX NHS FOUNDATION TRUST,General Surgery Service,0.07957959486734636,0.11083392729864576,False,0.014715530748139444,0.013737229303285463,0.07827559329466838,
Equity-constrained forecast,0.0,EAST AND NORTH HERTFORDSHIRE TEACHING NHS TRUST,Oral Surgery Service,0.07617571214534592,0.06548856548856549,True,0.040379871983039786,0.05079315613052304,0.06697799263878557,0.006083490664988478
Equity-constrained forecast,0.1,MID AND SOUTH ESSEX NHS FOUNDATION TRUST,Ear Nose and Throat Service,0.1498272081370357,0.15019386003940763,False,0.00339432907127335,0.002828415075736279,0.027369087432716488,0.0023996046125172033
Equity-constrained forecast,0.1,MID AND SOUTH ESSEX NHS FOUNDATION TRUST,Oral Surgery Service,0.14257148196539074,0.14425393226583533,False,0.00339432907127335,0.002828415075736279,0.027369087432716488,0.0023996046125172033
Equity-constrained forecast,0.1,JAMES PAGET UNIVERSITY HOSPITALS NHS FOUNDATION TRUST,Ear Nose and Throat Service,0.13254082000968193,0.12285633961203261,False,0.006151577395059775,0.026125275607303156,0.08975759030361219,0.006987405933018942
Equity-constrained forecast,0.1,LEWISHAM AND GREENWICH NHS TRUST,General Internal Medicine Service,0.12741442288283544,0.17857142857142858,False,0.008699633699633696,0.020574420892539448,0.04724233842098935,0.02737400951808866
Equity-constrained forecast,0.1,THE ROBERT JONES AND AGNES HUNT ORTHOPAEDIC HOSPITAL NHS FOUNDATION TRUST,Trauma and Orthopaedic Service,0.12645805847176703,0.1603754743359297,True,0.0333137944509574,0.05009276437847865,0.16694427398381112,0.023910756552993795
Equity-constrained forecast,0.1,MID AND SOUTH ESSEX NHS FOUNDATION TRUST,Trauma and Orthopaedic Service,0.11934211409735976,0.19027149321266967,False,0.00339432907127335,0.002828415075736279,0.027369087432716488,0.0023996046125172033
Equity-constrained forecast,0.1,LEEDS TEACHING HOSPITALS NHS TRUST,Ear Nose and Throat Service,0.11042027423319732,0.07331975560081466,True,0.008786270517933542,0.012757390766519383,0.08494815994673777,0.07252712413326123
Equity-constrained forecast,0.1,NOTTINGHAM UNIVERSITY HOSPITALS NHS TRUST,Elderly Medicine Service,0.10309161319811457,0.05584192439862543,True,0.016457640369608423,0.012883401728494934,0.07258404246356054,0.05729744724368713
Equity-constrained forecast,0.1,PORTSMOUTH HOSPITALS UNIVERSITY NHS TRUST,Other - Other Services,0.09998744813184944,0.07140880154995849,False,0.0130594294757225,0.016670993048945815,0.08309847903697794,0.03739868545218872
Equity-constrained forecast,0.1,HULL UNIVERSITY TEACHING HOSPITALS NHS TRUST,Plastic Surgery Service,0.09901528882968459,0.1307743807185896,False,0.009187734636970923,0.008111537913212175,0.06750699160450635,0.020245354788600567
Equity-constrained forecast,0.1,THE ROYAL WOLVERHAMPTON NHS TRUST,Oral Surgery Service,0.09712654115298257,0.06600169779286927,False,0.02687840044822945,0.009500023491483406,0.10264676194694611,0.015954004082543327
Equity-constrained forecast,0.1,NORTHERN LINCOLNSHIRE AND GOOLE NHS FOUNDATION TRUST,Gastroenterology Service,0.08989239855822838,0.09783928137897548,True,0.01796573802791518,0.04109908970431686,0.10927805188009265,0.05277305309196939
Equity-constrained forecast,0.1,MEDWAY NHS FOUNDATION TRUST,Rheumatology Service,0.0890662605987066,0.08665667166416792,True,0.04158532978408755,0.05191905358058091,0.173023574049885,0.09198217352195603
Equity-constrained forecast,0.1,BLACKPOOL TEACHING HOSPITALS NHS FOUNDATION TRUST,Gynaecology Service,0.08538711644168592,0.11751732829237554,True,0.0181962552737593,0.029402948374178894,0.10087544891716604,0.0923951597442545
Equity-constrained forecast,0.1,WORCESTERSHIRE ACUTE HOSPITALS NHS TRUST,Oral Surgery Service,0.08430966781014144,0.04080061585835258,False,0.01291798709641534,0.0332590771404121,0.06869757174392932,0.049078494168831976
Equity-constrained forecast,0.1,NORFOLK AND NORWICH UNIVERSITY HOSPITALS NHS FOUNDATION TRUST,Trauma and Orthopaedic Service,0.0840802310560005,0.09402823018458198,False,0.014265858118742175,0.02941142578789957,0.024400407650979616,0.02131872034543525
Equity-constrained forecast,0.1,EAST KENT HOSPITALS UNIVERSITY NHS FOUNDATION TRUST,Cardiology Service,0.08357613009302119,0.12426928153875165,False,0.007474914741967792,0.015770359392732414,0.007333819116628781,0.040037223240651953
Equity-constrained forecast,0.1,MID AND SOUTH ESSEX NHS FOUNDATION TRUST,Other - Paediatric Services,0.08190464000213665,0.11937377690802348,False,0.00339432907127335,0.002828415075736279,0.027369087432716488,0.0023996046125172033
Equity-constrained forecast,0.1,UNIVERSITY HOSPITALS SUSSEX NHS FOUNDATION TRUST,General Surgery Service,0.07957959486734636,0.11083392729864576,False,0.014715530748139444,0.013737229303285463,0.07827559329466838,
Equity-constrained forecast,0.1,EAST AND NORTH HERTFORDSHIRE TEACHING NHS TRUST,Oral Surgery Service,0.07617571214534592,0.06548856548856549,True,0.040379871983039786,0.05079315613052304,0.06697799263878557,0.006083490664988478
Equity-constrained forecast,0.2,MID AND SOUTH ESSEX NHS FOUNDATION TRUST,Ear Nose and Throat Service,0.1498272081370357,0.15019386003940763,False,0.00339432907127335,0.002828415075736279,0.027369087432716488,0.0023996046125172033
Equity-constrained forecast,0.2,MID AND SOUTH ESSEX NHS FOUNDATION TRUST,Oral Surgery Service,0.14257148196539074,0.14425393226583533,False,0.00339432907127335,0.002828415075736279,0.027369087432716488,0.0023996046125172033
Equity-constrained forecast,0.2,JAMES PAGET UNIVERSITY HOSPITALS NHS FOUNDATION TRUST,Ear Nose and Throat Service,0.13254082000968193,0.12285633961203261,False,0.006151577395059775,0.026125275607303156,0.08975759030361219,0.006987405933018942
Equity-constrained forecast,0.2,LEWISHAM AND GREENWICH NHS TRUST,General Internal Medicine Service,0.12741442288283544,0.17857142857142858,False,0.008699633699633696,0.020574420892539448,0.04724233842098935,0.02737400951808866
Equity-constrained forecast,0.2,THE ROBERT JONES AND AGNES HUNT ORTHOPAEDIC HOSPITAL NHS FOUNDATION TRUST,Trauma and Orthopaedic Service,0.12645805847176703,0.1603754743359297,True,0.0333137944509574,0.05009276437847865,0.16694427398381112,0.023910756552993795
Equity-constrained forecast,0.2,MID AND SOUTH ESSEX NHS FOUNDATION TRUST,Trauma and Orthopaedic Service,0.11934211409735976,0.19027149321266967,False,0.00339432907127335,0.002828415075736279,0.027369087432716488,0.0023996046125172033
Equity-constrained forecast,0.2,LEEDS TEACHING HOSPITALS NHS TRUST,Ear Nose and Throat Service,0.11042027423319732,0.07331975560081466,True,0.008786270517933542,0.012757390766519383,0.08494815994673777,0.07252712413326123
Equity-constrained forecast,0.2,NOTTINGHAM UNIVERSITY HOSPITALS NHS TRUST,Elderly Medicine Service,0.10309161319811457,0.05584192439862543,True,0.016457640369608423,0.012883401728494934,0.07258404246356054,0.05729744724368713
Equity-constrained forecast,0.2,PORTSMOUTH HOSPITALS UNIVERSITY NHS TRUST,Other - Other Services,0.09998744813184944,0.07140880154995849,False,0.0130594294757225,0.016670993048945815,0.08309847903697794,0.03739868545218872
Equity-constrained forecast,0.2,HULL UNIVERSITY TEACHING HOSPITALS NHS TRUST,Plastic Surgery Service,0.09901528882968459,0.1307743807185896,False,0.009187734636970923,0.008111537913212175,0.06750699160450635,0.020245354788600567
Equity-constrained forecast,0.2,THE ROYAL WOLVERHAMPTON NHS TRUST,Oral Surgery Service,0.09712654115298257,0.06600169779286927,False,0.02687840044822945,0.009500023491483406,0.10264676194694611,0.015954004082543327
Equity-constrained forecast,0.2,NORTHERN LINCOLNSHIRE AND GOOLE NHS FOUNDATION TRUST,Gastroenterology Service,0.08989239855822838,0.09783928137897548,True,0.01796573802791518,0.04109908970431686,0.10927805188009265,0.05277305309196939
Equity-constrained forecast,0.2,MEDWAY NHS FOUNDATION TRUST,Rheumatology Service,0.0890662605987066,0.08665667166416792,True,0.04158532978408755,0.05191905358058091,0.173023574049885,0.09198217352195603
Equity-constrained forecast,0.2,BLACKPOOL TEACHING HOSPITALS NHS FOUNDATION TRUST,Gynaecology Service,0.08538711644168592,0.11751732829237554,True,0.0181962552737593,0.029402948374178894,0.10087544891716604,0.0923951597442545
Equity-constrained forecast,0.2,WORCESTERSHIRE ACUTE HOSPITALS NHS TRUST,Oral Surgery Service,0.08430966781014144,0.04080061585835258,False,0.01291798709641534,0.0332590771404121,0.06869757174392932,0.049078494168831976
Equity-constrained forecast,0.2,NORFOLK AND NORWICH UNIVERSITY HOSPITALS NHS FOUNDATION TRUST,Trauma and Orthopaedic Service,0.0840802310560005,0.09402823018458198,False,0.014265858118742175,0.02941142578789957,0.024400407650979616,0.02131872034543525
Equity-constrained forecast,0.2,EAST KENT HOSPITALS UNIVERSITY NHS FOUNDATION TRUST,Cardiology Service,0.08357613009302119,0.12426928153875165,False,0.007474914741967792,0.015770359392732414,0.007333819116628781,0.040037223240651953
Equity-constrained forecast,0.2,MID AND SOUTH ESSEX NHS FOUNDATION TRUST,Other - Paediatric Services,0.08190464000213665,0.11937377690802348,False,0.00339432907127335,0.002828415075736279,0.027369087432716488,0.0023996046125172033
Equity-constrained forecast,0.2,UNIVERSITY HOSPITALS SUSSEX NHS FOUNDATION TRUST,General Surgery Service,0.07957959486734636,0.11083392729864576,False,0.014715530748139444,0.013737229303285463,0.07827559329466838,
Equity-constrained forecast,0.2,EAST AND NORTH HERTFORDSHIRE TEACHING NHS TRUST,Oral Surgery Service,0.07617571214534592,0.06548856548856549,True,0.040379871983039786,0.05079315613052304,0.06697799263878557,0.006083490664988478
Equity-constrained forecast,0.3,MID AND SOUTH ESSEX NHS FOUNDATION TRUST,Ear Nose and Throat Service,0.1498272081370357,0.15019386003940763,False,0.00339432907127335,0.002828415075736279,0.027369087432716488,0.0023996046125172033
Equity-constrained forecast,0.3,MID AND SOUTH ESSEX NHS FOUNDATION TRUST,Oral Surgery Service,0.14257148196539074,0.14425393226583533,False,0.00339432907127335,0.002828415075736279,0.027369087432716488,0.0023996046125172033
Equity-constrained forecast,0.3,JAMES PAGET UNIVERSITY HOSPITALS NHS FOUNDATION TRUST,Ear Nose and Throat Service,0.13254082000968193,0.12285633961203261,False,0.006151577395059775,0.026125275607303156,0.08975759030361219,0.006987405933018942
Equity-constrained forecast,0.3,LEWISHAM AND GREENWICH NHS TRUST,General Internal Medicine Service,0.12741442288283544,0.17857142857142858,False,0.008699633699633696,0.020574420892539448,0.04724233842098935,0.02737400951808866
Equity-constrained forecast,0.3,THE ROBERT JONES AND AGNES HUNT ORTHOPAEDIC HOSPITAL NHS FOUNDATION TRUST,Trauma and Orthopaedic Service,0.12645805847176703,0.1603754743359297,True,0.0333137944509574,0.05009276437847865,0.16694427398381112,0.023910756552993795
Equity-constrained forecast,0.3,MID AND SOUTH ESSEX NHS FOUNDATION TRUST,Trauma and Orthopaedic Service,0.11934211409735976,0.19027149321266967,False,0.00339432907127335,0.002828415075736279,0.027369087432716488,0.0023996046125172033
Equity-constrained forecast,0.3,LEEDS TEACHING HOSPITALS NHS TRUST,Ear Nose and Throat Service,0.11042027423319732,0.07331975560081466,True,0.008786270517933542,0.012757390766519383,0.08494815994673777,0.07252712413326123
Equity-constrained forecast,0.3,NOTTINGHAM UNIVERSITY HOSPITALS NHS TRUST,Elderly Medicine Service,0.10309161319811457,0.05584192439862543,True,0.016457640369608423,0.012883401728494934,0.07258404246356054,0.05729744724368713
Equity-constrained forecast,0.3,PORTSMOUTH HOSPITALS UNIVERSITY NHS TRUST,Other - Other Services,0.09998744813184944,0.07140880154995849,False,0.0130594294757225,0.016670993048945815,0.08309847903697794,0.03739868545218872
Equity-constrained forecast,0.3,HULL UNIVERSITY TEACHING HOSPITALS NHS TRUST,Plastic Surgery Service,0.09901528882968459,0.1307743807185896,False,0.009187734636970923,0.008111537913212175,0.06750699160450635,0.020245354788600567
Equity-constrained forecast,0.3,THE ROYAL WOLVERHAMPTON NHS TRUST,Oral Surgery Service,0.09712654115298257,0.06600169779286927,False,0.02687840044822945,0.009500023491483406,0.10264676194694611,0.015954004082543327
Equity-constrained forecast,0.3,NORTHERN LINCOLNSHIRE AND GOOLE NHS FOUNDATION TRUST,Gastroenterology Service,0.08989239855822838,0.09783928137897548,True,0.01796573802791518,0.04109908970431686,0.10927805188009265,0.05277305309196939
Equity-constrained forecast,0.3,MEDWAY NHS FOUNDATION TRUST,Rheumatology Service,0.0890662605987066,0.08665667166416792,True,0.04158532978408755,0.05191905358058091,0.173023574049885,0.09198217352195603
Equity-constrained forecast,0.3,BLACKPOOL TEACHING HOSPITALS NHS FOUNDATION TRUST,Gynaecology Service,0.08538711644168592,0.11751732829237554,True,0.0181962552737593,0.029402948374178894,0.10087544891716604,0.0923951597442545
Equity-constrained forecast,0.3,WORCESTERSHIRE ACUTE HOSPITALS NHS TRUST,Oral Surgery Service,0.08430966781014144,0.04080061585835258,False,0.01291798709641534,0.0332590771404121,0.06869757174392932,0.049078494168831976
Equity-constrained forecast,0.3,NORFOLK AND NORWICH UNIVERSITY HOSPITALS NHS FOUNDATION TRUST,Trauma and Orthopaedic Service,0.0840802310560005,0.09402823018458198,False,0.014265858118742175,0.02941142578789957,0.024400407650979616,0.02131872034543525
Equity-constrained forecast,0.3,EAST KENT HOSPITALS UNIVERSITY NHS FOUNDATION TRUST,Cardiology Service,0.08357613009302119,0.12426928153875165,False,0.007474914741967792,0.015770359392732414,0.007333819116628781,0.040037223240651953
Equity-constrained forecast,0.3,MID AND SOUTH ESSEX NHS FOUNDATION TRUST,Other - Paediatric Services,0.08190464000213665,0.11937377690802348,False,0.00339432907127335,0.002828415075736279,0.027369087432716488,0.0023996046125172033
Equity-constrained forecast,0.3,UNIVERSITY HOSPITALS SUSSEX NHS FOUNDATION TRUST,General Surgery Service,0.07957959486734636,0.11083392729864576,False,0.014715530748139444,0.013737229303285463,0.07827559329466838,
Equity-constrained forecast,0.3,EAST AND NORTH HERTFORDSHIRE TEACHING NHS TRUST,Oral Surgery Service,0.07617571214534592,0.06548856548856549,True,0.040379871983039786,0.05079315613052304,0.06697799263878557,0.006083490664988478
Equity-constrained forecast,0.4,MID AND SOUTH ESSEX NHS FOUNDATION TRUST,Ear Nose and Throat Service,0.1498272081370357,0.15019386003940763,False,0.00339432907127335,0.002828415075736279,0.027369087432716488,0.0023996046125172033
Equity-constrained forecast,0.4,MID AND SOUTH ESSEX NHS FOUNDATION TRUST,Oral Surgery Service,0.14257148196539074,0.14425393226583533,False,0.00339432907127335,0.002828415075736279,0.027369087432716488,0.0023996046125172033
Equity-constrained forecast,0.4,JAMES PAGET UNIVERSITY HOSPITALS NHS FOUNDATION TRUST,Ear Nose and Throat Service,0.13254082000968193,0.12285633961203261,False,0.006151577395059775,0.026125275607303156,0.08975759030361219,0.006987405933018942
Equity-constrained forecast,0.4,LEWISHAM AND GREENWICH NHS TRUST,General Internal Medicine Service,0.12741442288283544,0.17857142857142858,False,0.008699633699633696,0.020574420892539448,0.04724233842098935,0.02737400951808866
Equity-constrained forecast,0.4,THE ROBERT JONES AND AGNES HUNT ORTHOPAEDIC HOSPITAL NHS FOUNDATION TRUST,Trauma and Orthopaedic Service,0.12645805847176703,0.1603754743359297,True,0.0333137944509574,0.05009276437847865,0.16694427398381112,0.023910756552993795
Equity-constrained forecast,0.4,MID AND SOUTH ESSEX NHS FOUNDATION TRUST,Trauma and Orthopaedic Service,0.11934211409735976,0.19027149321266967,False,0.00339432907127335,0.002828415075736279,0.027369087432716488,0.0023996046125172033
Equity-constrained forecast,0.4,LEEDS TEACHING HOSPITALS NHS TRUST,Ear Nose and Throat Service,0.11042027423319732,0.07331975560081466,True,0.008786270517933542,0.012757390766519383,0.08494815994673777,0.07252712413326123
Equity-constrained forecast,0.4,NOTTINGHAM UNIVERSITY HOSPITALS NHS TRUST,Elderly Medicine Service,0.10309161319811457,0.05584192439862543,True,0.016457640369608423,0.012883401728494934,0.07258404246356054,0.05729744724368713
Equity-constrained forecast,0.4,PORTSMOUTH HOSPITALS UNIVERSITY NHS TRUST,Other - Other Services,0.09998744813184944,0.07140880154995849,False,0.0130594294757225,0.016670993048945815,0.08309847903697794,0.03739868545218872
Equity-constrained forecast,0.4,HULL UNIVERSITY TEACHING HOSPITALS NHS TRUST,Plastic Surgery Service,0.09901528882968459,0.1307743807185896,False,0.009187734636970923,0.008111537913212175,0.06750699160450635,0.020245354788600567
Equity-constrained forecast,0.4,THE ROYAL WOLVERHAMPTON NHS TRUST,Oral Surgery Service,0.09712654115298257,0.06600169779286927,False,0.02687840044822945,0.009500023491483406,0.10264676194694611,0.015954004082543327
Equity-constrained forecast,0.4,NORTHERN LINCOLNSHIRE AND GOOLE NHS FOUNDATION TRUST,Gastroenterology Service,0.08989239855822838,0.09783928137897548,True,0.01796573802791518,0.04109908970431686,0.10927805188009265,0.05277305309196939
Equity-constrained forecast,0.4,MEDWAY NHS FOUNDATION TRUST,Rheumatology Service,0.0890662605987066,0.08665667166416792,True,0.04158532978408755,0.05191905358058091,0.173023574049885,0.09198217352195603
Equity-constrained forecast,0.4,BLACKPOOL TEACHING HOSPITALS NHS FOUNDATION TRUST,Gynaecology Service,0.08538711644168592,0.11751732829237554,True,0.0181962552737593,0.029402948374178894,0.10087544891716604,0.0923951597442545
Equity-constrained forecast,0.4,WORCESTERSHIRE ACUTE HOSPITALS NHS TRUST,Oral Surgery Service,0.08430966781014144,0.04080061585835258,False,0.01291798709641534,0.0332590771404121,0.06869757174392932,0.049078494168831976
Equity-constrained forecast,0.4,NORFOLK AND NORWICH UNIVERSITY HOSPITALS NHS FOUNDATION TRUST,Trauma and Orthopaedic Service,0.0840802310560005,0.09402823018458198,False,0.014265858118742175,0.02941142578789957,0.024400407650979616,0.02131872034543525
Equity-constrained forecast,0.4,EAST KENT HOSPITALS UNIVERSITY NHS FOUNDATION TRUST,Cardiology Service,0.08357613009302119,0.12426928153875165,False,0.007474914741967792,0.015770359392732414,0.007333819116628781,0.040037223240651953
Equity-constrained forecast,0.4,MID AND SOUTH ESSEX NHS FOUNDATION TRUST,Other - Paediatric Services,0.08190464000213665,0.11937377690802348,False,0.00339432907127335,0.002828415075736279,0.027369087432716488,0.0023996046125172033
Equity-constrained forecast,0.4,EAST AND NORTH HERTFORDSHIRE TEACHING NHS TRUST,Oral Surgery Service,0.07617571214534592,0.06548856548856549,True,0.040379871983039786,0.05079315613052304,0.06697799263878557,0.006083490664988478
Equity-constrained forecast,0.4,MEDWAY NHS FOUNDATION TRUST,Neurology Service,0.07385220132610469,0.12543381259295985,True,0.04158532978408755,0.05191905358058091,0.173023574049885,0.09198217352195603
Equity-constrained forecast,0.5,MID AND SOUTH ESSEX NHS FOUNDATION TRUST,Ear Nose and Throat Service,0.1498272081370357,0.15019386003940763,False,0.00339432907127335,0.002828415075736279,0.027369087432716488,0.0023996046125172033
Equity-constrained forecast,0.5,MID AND SOUTH ESSEX NHS FOUNDATION TRUST,Oral Surgery Service,0.14257148196539074,0.14425393226583533,False,0.00339432907127335,0.002828415075736279,0.027369087432716488,0.0023996046125172033
Equity-constrained forecast,0.5,JAMES PAGET UNIVERSITY HOSPITALS NHS FOUNDATION TRUST,Ear Nose and Throat Service,0.13254082000968193,0.12285633961203261,False,0.006151577395059775,0.026125275607303156,0.08975759030361219,0.006987405933018942
Equity-constrained forecast,0.5,LEWISHAM AND GREENWICH NHS TRUST,General Internal Medicine Service,0.12741442288283544,0.17857142857142858,False,0.008699633699633696,0.020574420892539448,0.04724233842098935,0.02737400951808866
Equity-constrained forecast,0.5,THE ROBERT JONES AND AGNES HUNT ORTHOPAEDIC HOSPITAL NHS FOUNDATION TRUST,Trauma and Orthopaedic Service,0.12645805847176703,0.1603754743359297,True,0.0333137944509574,0.05009276437847865,0.16694427398381112,0.023910756552993795
Equity-constrained forecast,0.5,MID AND SOUTH ESSEX NHS FOUNDATION TRUST,Trauma and Orthopaedic Service,0.11934211409735976,0.19027149321266967,False,0.00339432907127335,0.002828415075736279,0.027369087432716488,0.0023996046125172033
Equity-constrained forecast,0.5,LEEDS TEACHING HOSPITALS NHS TRUST,Ear Nose and Throat Service,0.11042027423319732,0.07331975560081466,True,0.008786270517933542,0.012757390766519383,0.08494815994673777,0.07252712413326123
Equity-constrained forecast,0.5,NOTTINGHAM UNIVERSITY HOSPITALS NHS TRUST,Elderly Medicine Service,0.10309161319811457,0.05584192439862543,True,0.016457640369608423,0.012883401728494934,0.07258404246356054,0.05729744724368713
Equity-constrained forecast,0.5,PORTSMOUTH HOSPITALS UNIVERSITY NHS TRUST,Other - Other Services,0.09998744813184944,0.07140880154995849,False,0.0130594294757225,0.016670993048945815,0.08309847903697794,0.03739868545218872
Equity-constrained forecast,0.5,HULL UNIVERSITY TEACHING HOSPITALS NHS TRUST,Plastic Surgery Service,0.09901528882968459,0.1307743807185896,False,0.009187734636970923,0.008111537913212175,0.06750699160450635,0.020245354788600567
Equity-constrained forecast,0.5,THE ROYAL WOLVERHAMPTON NHS TRUST,Oral Surgery Service,0.09712654115298257,0.06600169779286927,False,0.02687840044822945,0.009500023491483406,0.10264676194694611,0.015954004082543327
Equity-constrained forecast,0.5,NORTHERN LINCOLNSHIRE AND GOOLE NHS FOUNDATION TRUST,Gastroenterology Service,0.08989239855822838,0.09783928137897548,True,0.01796573802791518,0.04109908970431686,0.10927805188009265,0.05277305309196939
Equity-constrained forecast,0.5,MEDWAY NHS FOUNDATION TRUST,Rheumatology Service,0.0890662605987066,0.08665667166416792,True,0.04158532978408755,0.05191905358058091,0.173023574049885,0.09198217352195603
Equity-constrained forecast,0.5,BLACKPOOL TEACHING HOSPITALS NHS FOUNDATION TRUST,Gynaecology Service,0.08538711644168592,0.11751732829237554,True,0.0181962552737593,0.029402948374178894,0.10087544891716604,0.0923951597442545
Equity-constrained forecast,0.5,WORCESTERSHIRE ACUTE HOSPITALS NHS TRUST,Oral Surgery Service,0.08430966781014144,0.04080061585835258,False,0.01291798709641534,0.0332590771404121,0.06869757174392932,0.049078494168831976
Equity-constrained forecast,0.5,NORFOLK AND NORWICH UNIVERSITY HOSPITALS NHS FOUNDATION TRUST,Trauma and Orthopaedic Service,0.0840802310560005,0.09402823018458198,False,0.014265858118742175,0.02941142578789957,0.024400407650979616,0.02131872034543525
Equity-constrained forecast,0.5,EAST AND NORTH HERTFORDSHIRE TEACHING NHS TRUST,Oral Surgery Service,0.07617571214534592,0.06548856548856549,True,0.040379871983039786,0.05079315613052304,0.06697799263878557,0.006083490664988478
Equity-constrained forecast,0.5,MEDWAY NHS FOUNDATION TRUST,Neurology Service,0.07385220132610469,0.12543381259295985,True,0.04158532978408755,0.05191905358058091,0.173023574049885,0.09198217352195603
Equity-constrained forecast,0.5,BLACKPOOL TEACHING HOSPITALS NHS FOUNDATION TRUST,Cardiothoracic Surgery Service,0.07158631889128528,0.10127931769722814,True,0.0181962552737593,0.029402948374178894,0.10087544891716604,0.0923951597442545
Equity-constrained forecast,0.5,CHESTERFIELD ROYAL HOSPITAL NHS FOUNDATION TRUST,General Surgery Service,0.07156373334649034,0.12128146453089245,True,0.03336707152496626,0.02289662475059595,0.10107552399331943,0.06425077561908715
Persistence,,THE ROBERT JONES AND AGNES HUNT ORTHOPAEDIC HOSPITAL NHS FOUNDATION TRUST,Trauma and Orthopaedic Service,0.12645805847176703,0.1603754743359297,True,0.0333137944509574,0.05009276437847865,0.16694427398381112,0.023910756552993795
Persistence,,MID AND SOUTH ESSEX NHS FOUNDATION TRUST,Oral Surgery Service,0.14257148196539074,0.14425393226583533,False,0.00339432907127335,0.002828415075736279,0.027369087432716488,0.0023996046125172033
Persistence,,MID AND SOUTH ESSEX NHS FOUNDATION TRUST,Trauma and Orthopaedic Service,0.11934211409735976,0.19027149321266967,False,0.00339432907127335,0.002828415075736279,0.027369087432716488,0.0023996046125172033
Persistence,,JAMES PAGET UNIVERSITY HOSPITALS NHS FOUNDATION TRUST,Ear Nose and Throat Service,0.13254082000968193,0.12285633961203261,False,0.006151577395059775,0.026125275607303156,0.08975759030361219,0.006987405933018942
Persistence,,MID AND SOUTH ESSEX NHS FOUNDATION TRUST,Ear Nose and Throat Service,0.1498272081370357,0.15019386003940763,False,0.00339432907127335,0.002828415075736279,0.027369087432716488,0.0023996046125172033
Persistence,,LEWISHAM AND GREENWICH NHS TRUST,General Internal Medicine Service,0.12741442288283544,0.17857142857142858,False,0.008699633699633696,0.020574420892539448,0.04724233842098935,0.02737400951808866
Persistence,,LEEDS TEACHING HOSPITALS NHS TRUST,Ear Nose and Throat Service,0.11042027423319732,0.07331975560081466,True,0.008786270517933542,0.012757390766519383,0.08494815994673777,0.07252712413326123
Persistence,,NOTTINGHAM UNIVERSITY HOSPITALS NHS TRUST,Elderly Medicine Service,0.10309161319811457,0.05584192439862543,True,0.016457640369608423,0.012883401728494934,0.07258404246356054,0.05729744724368713
Persistence,,CHESTERFIELD ROYAL HOSPITAL NHS FOUNDATION TRUST,General Surgery Service,0.07156373334649034,0.12128146453089245,True,0.03336707152496626,0.02289662475059595,0.10107552399331943,0.06425077561908715
Persistence,,PORTSMOUTH HOSPITALS UNIVERSITY NHS TRUST,Other - Other Services,0.09998744813184944,0.07140880154995849,False,0.0130594294757225,0.016670993048945815,0.08309847903697794,0.03739868545218872
Persistence,,HULL UNIVERSITY TEACHING HOSPITALS NHS TRUST,Plastic Surgery Service,0.09901528882968459,0.1307743807185896,False,0.009187734636970923,0.008111537913212175,0.06750699160450635,0.020245354788600567
Persistence,,EAST KENT HOSPITALS UNIVERSITY NHS FOUNDATION TRUST,Cardiology Service,0.08357613009302119,0.12426928153875165,False,0.007474914741967792,0.015770359392732414,0.007333819116628781,0.040037223240651953
Persistence,,MID AND SOUTH ESSEX NHS FOUNDATION TRUST,Other - Paediatric Services,0.08190464000213665,0.11937377690802348,False,0.00339432907127335,0.002828415075736279,0.027369087432716488,0.0023996046125172033
Persistence,,BLACKPOOL TEACHING HOSPITALS NHS FOUNDATION TRUST,Gynaecology Service,0.08538711644168592,0.11751732829237554,True,0.0181962552737593,0.029402948374178894,0.10087544891716604,0.0923951597442545
Persistence,,NORFOLK AND NORWICH UNIVERSITY HOSPITALS NHS FOUNDATION TRUST,Trauma and Orthopaedic Service,0.0840802310560005,0.09402823018458198,False,0.014265858118742175,0.02941142578789957,0.024400407650979616,0.02131872034543525
Persistence,,MID AND SOUTH ESSEX NHS FOUNDATION TRUST,Dermatology Service,0.07447935629097073,0.08965377195654381,False,0.00339432907127335,0.002828415075736279,0.027369087432716488,0.0023996046125172033
Persistence,,MID AND SOUTH ESSEX NHS FOUNDATION TRUST,Rheumatology Service,0.07056344222415922,0.10382754069511659,False,0.00339432907127335,0.002828415075736279,0.027369087432716488,0.0023996046125172033
Persistence,,GREAT WESTERN HOSPITALS NHS FOUNDATION TRUST,Plastic Surgery Service,0.05881473264874768,0.037037037037037035,False,0.015987222816997992,0.04867213862904185,0.03488353216326168,0.05574849917044472
Persistence,,THE ROYAL WOLVERHAMPTON NHS TRUST,Oral Surgery Service,0.09712654115298257,0.06600169779286927,False,0.02687840044822945,0.009500023491483406,0.10264676194694611,0.015954004082543327
Persistence,,BLACKPOOL TEACHING HOSPITALS NHS FOUNDATION TRUST,Cardiothoracic Surgery Service,0.07158631889128528,0.10127931769722814,True,0.0181962552737593,0.029402948374178894,0.10087544891716604,0.0923951597442545
Legacy composite comparator,,BARTS HEALTH NHS TRUST,Ear Nose and Throat Service,0.020384471482306907,0.036183157220621195,True,0.04971728157778155,0.06519272221390932,0.12314305891454144,0.036959045954054914
Legacy composite comparator,,BARTS HEALTH NHS TRUST,Plastic Surgery Service,0.02227745396406465,0.05503875968992248,True,0.04971728157778155,0.06519272221390932,0.12314305891454144,0.036959045954054914
Legacy composite comparator,,"THE QUEEN ELIZABETH HOSPITAL, KING'S LYNN, NHS FOUNDATION TRUST",Trauma and Orthopaedic Service,0.049751180882967566,0.04009111617312073,False,0.026106090932692366,0.0536663624495074,0.08492517242192843,0.044026206075044705
Legacy composite comparator,,ISLE OF WIGHT NHS TRUST,Trauma and Orthopaedic Service,0.02279673840501134,0.03884372177055104,True,0.08515490684537383,0.08782510365623819,0.18283570520571724,0.04131283704208766
Legacy composite comparator,,BLACKPOOL TEACHING HOSPITALS NHS FOUNDATION TRUST,Gynaecology Service,0.08538711644168592,0.11751732829237554,True,0.0181962552737593,0.029402948374178894,0.10087544891716604,0.0923951597442545
Legacy composite comparator,,BARTS HEALTH NHS TRUST,Dermatology Service,0.039253012101066506,0.009413067552602437,True,0.04971728157778155,0.06519272221390932,0.12314305891454144,0.036959045954054914
Legacy composite comparator,,BLACKPOOL TEACHING HOSPITALS NHS FOUNDATION TRUST,Cardiothoracic Surgery Service,0.07158631889128528,0.10127931769722814,True,0.0181962552737593,0.029402948374178894,0.10087544891716604,0.0923951597442545
Legacy composite comparator,,"THE QUEEN ELIZABETH HOSPITAL, KING'S LYNN, NHS FOUNDATION TRUST",General Surgery Service,0.03451932015119122,0.03558282208588957,False,0.026106090932692366,0.0536663624495074,0.08492517242192843,0.044026206075044705
Legacy composite comparator,,"THE QUEEN ELIZABETH HOSPITAL, KING'S LYNN, NHS FOUNDATION TRUST",Gastroenterology Service,0.05781646906327855,0.0,False,0.026106090932692366,0.0536663624495074,0.08492517242192843,0.044026206075044705
Legacy composite comparator,,NORTHERN LINCOLNSHIRE AND GOOLE NHS FOUNDATION TRUST,Gastroenterology Service,0.08989239855822838,0.09783928137897548,True,0.01796573802791518,0.04109908970431686,0.10927805188009265,0.05277305309196939
Legacy composite comparator,,KETTERING GENERAL HOSPITAL NHS FOUNDATION TRUST,Oral Surgery Service,0.021530859947063982,0.0074418604651162795,True,0.050109205485337815,0.1976194974494615,0.06112580279561769,0.10190062346495377
Legacy composite comparator,,KETTERING GENERAL HOSPITAL NHS FOUNDATION TRUST,Other - Medical Services,0.01975941836517987,0.0039042165538781884,True,0.050109205485337815,0.1976194974494615,0.06112580279561769,0.10190062346495377
Legacy composite comparator,,NORTHERN LINCOLNSHIRE AND GOOLE NHS FOUNDATION TRUST,Other - Other Services,0.04950493392496178,0.026865671641791045,True,0.01796573802791518,0.04109908970431686,0.10927805188009265,0.05277305309196939
Legacy composite comparator,,LANCASHIRE TEACHING HOSPITALS NHS FOUNDATION TRUST,Neurology Service,0.05229697318415209,0.013766774641369736,True,0.058958361899538375,0.01383125362476112,0.09451354198525164,0.014170255840969759
Legacy composite comparator,,GEORGE ELIOT HOSPITAL NHS TRUST,Ear Nose and Throat Service,0.036628710064982715,0.016364440513047324,True,0.041402218967481294,0.1137965760322256,0.09483937115516061,0.08176521157703698
Legacy composite comparator,,EAST SUFFOLK AND NORTH ESSEX NHS FOUNDATION TRUST,General Surgery Service,0.016867998650131246,0.0005021760964178105,True,0.01815740308267165,0.15292993988426318,0.15337564114040614,0.10053776011222826
Legacy composite comparator,,WYE VALLEY NHS TRUST,Trauma and Orthopaedic Service,0.06726659436186276,0.08770965081110806,True,0.0942278550764568,0.012424872861766065,0.1557848469045668,0.08683443058443063
Legacy composite comparator,,"THE QUEEN ELIZABETH HOSPITAL, KING'S LYNN, NHS FOUNDATION TRUST",Ear Nose and Throat Service,0.022915499739705376,0.022042139384116692,False,0.026106090932692366,0.0536663624495074,0.08492517242192843,0.044026206075044705
Legacy composite comparator,,UNIVERSITY HOSPITALS PLYMOUTH NHS TRUST,Neurosurgical Service,0.041278079108618325,0.030793319415448852,False,0.021924655585808903,0.055044153591421674,0.10090361202119491,0.048310749774164385
Legacy composite comparator,,BARTS HEALTH NHS TRUST,Other - Paediatric Services,0.02405489132515574,0.029600898234153312,True,0.04971728157778155,0.06519272221390932,0.12314305891454144,0.036959045954054914
Forecast risk only,,MID AND SOUTH ESSEX NHS FOUNDATION TRUST,Ear Nose and Throat Service,0.1498272081370357,0.15019386003940763,False,0.00339432907127335,0.002828415075736279,0.027369087432716488,0.0023996046125172033
Forecast risk only,,MID AND SOUTH ESSEX NHS FOUNDATION TRUST,Oral Surgery Service,0.14257148196539074,0.14425393226583533,False,0.00339432907127335,0.002828415075736279,0.027369087432716488,0.0023996046125172033
Forecast risk only,,JAMES PAGET UNIVERSITY HOSPITALS NHS FOUNDATION TRUST,Ear Nose and Throat Service,0.13254082000968193,0.12285633961203261,False,0.006151577395059775,0.026125275607303156,0.08975759030361219,0.006987405933018942
Forecast risk only,,LEWISHAM AND GREENWICH NHS TRUST,General Internal Medicine Service,0.12741442288283544,0.17857142857142858,False,0.008699633699633696,0.020574420892539448,0.04724233842098935,0.02737400951808866
Forecast risk only,,THE ROBERT JONES AND AGNES HUNT ORTHOPAEDIC HOSPITAL NHS FOUNDATION TRUST,Trauma and Orthopaedic Service,0.12645805847176703,0.1603754743359297,True,0.0333137944509574,0.05009276437847865,0.16694427398381112,0.023910756552993795
Forecast risk only,,MID AND SOUTH ESSEX NHS FOUNDATION TRUST,Trauma and Orthopaedic Service,0.11934211409735976,0.19027149321266967,False,0.00339432907127335,0.002828415075736279,0.027369087432716488,0.0023996046125172033
Forecast risk only,,LEEDS TEACHING HOSPITALS NHS TRUST,Ear Nose and Throat Service,0.11042027423319732,0.07331975560081466,True,0.008786270517933542,0.012757390766519383,0.08494815994673777,0.07252712413326123
Forecast risk only,,NOTTINGHAM UNIVERSITY HOSPITALS NHS TRUST,Elderly Medicine Service,0.10309161319811457,0.05584192439862543,True,0.016457640369608423,0.012883401728494934,0.07258404246356054,0.05729744724368713
Forecast risk only,,PORTSMOUTH HOSPITALS UNIVERSITY NHS TRUST,Other - Other Services,0.09998744813184944,0.07140880154995849,False,0.0130594294757225,0.016670993048945815,0.08309847903697794,0.03739868545218872
Forecast risk only,,HULL UNIVERSITY TEACHING HOSPITALS NHS TRUST,Plastic Surgery Service,0.09901528882968459,0.1307743807185896,False,0.009187734636970923,0.008111537913212175,0.06750699160450635,0.020245354788600567
Forecast risk only,,THE ROYAL WOLVERHAMPTON NHS TRUST,Oral Surgery Service,0.09712654115298257,0.06600169779286927,False,0.02687840044822945,0.009500023491483406,0.10264676194694611,0.015954004082543327
Forecast risk only,,NORTHERN LINCOLNSHIRE AND GOOLE NHS FOUNDATION TRUST,Gastroenterology Service,0.08989239855822838,0.09783928137897548,True,0.01796573802791518,0.04109908970431686,0.10927805188009265,0.05277305309196939
Forecast risk only,,MEDWAY NHS FOUNDATION TRUST,Rheumatology Service,0.0890662605987066,0.08665667166416792,True,0.04158532978408755,0.05191905358058091,0.173023574049885,0.09198217352195603
Forecast risk only,,BLACKPOOL TEACHING HOSPITALS NHS FOUNDATION TRUST,Gynaecology Service,0.08538711644168592,0.11751732829237554,True,0.0181962552737593,0.029402948374178894,0.10087544891716604,0.0923951597442545
Forecast risk only,,WORCESTERSHIRE ACUTE HOSPITALS NHS TRUST,Oral Surgery Service,0.08430966781014144,0.04080061585835258,False,0.01291798709641534,0.0332590771404121,0.06869757174392932,0.049078494168831976
Forecast risk only,,NORFOLK AND NORWICH UNIVERSITY HOSPITALS NHS FOUNDATION TRUST,Trauma and Orthopaedic Service,0.0840802310560005,0.09402823018458198,False,0.014265858118742175,0.02941142578789957,0.024400407650979616,0.02131872034543525
Forecast risk only,,EAST KENT HOSPITALS UNIVERSITY NHS FOUNDATION TRUST,Cardiology Service,0.08357613009302119,0.12426928153875165,False,0.007474914741967792,0.015770359392732414,0.007333819116628781,0.040037223240651953
Forecast risk only,,MID AND SOUTH ESSEX NHS FOUNDATION TRUST,Other - Paediatric Services,0.08190464000213665,0.11937377690802348,False,0.00339432907127335,0.002828415075736279,0.027369087432716488,0.0023996046125172033
Forecast risk only,,UNIVERSITY HOSPITALS SUSSEX NHS FOUNDATION TRUST,General Surgery Service,0.07957959486734636,0.11083392729864576,False,0.014715530748139444,0.013737229303285463,0.07827559329466838,
Forecast risk only,,EAST AND NORTH HERTFORDSHIRE TEACHING NHS TRUST,Oral Surgery Service,0.07617571214534592,0.06548856548856549,True,0.040379871983039786,0.05079315613052304,0.06697799263878557,0.006083490664988478
