dataset,month,source_url,local_path,bytes,sha256,retrieved_utc
dm01,2022-04,https://www.england.nhs.uk/statistics/wp-content/uploads/sites/2/2023/09/DM01-APRIL-2022-full-extract_C3L10.zip,data/raw/dm01_longitudinal/dm01_2022-04.zip,1182187,9909f7674a5b4a00de0ed03e8bc0f2dd4d6f552cb61608767a50b9bb1fbb767d,2026-09-05T10:25:19.847223+00:00
dm01,2022-05,https://www.england.nhs.uk/statistics/wp-content/uploads/sites/2/2023/09/DM01-MAY-2022-full-extract_C3L10.zip,data/raw/dm01_longitudinal/dm01_2022-05.zip,1327757,48bb11f5b1f9d9b43df466018875574efe372a4bc1db58f6f82a04e62392fab6,2026-09-05T10:25:19.847223+00:00
dm01,2022-06,https://www.england.nhs.uk/statistics/wp-content/uploads/sites/2/2023/09/DM01-JUNE-2022-full-extract_C3L10.zip,data/raw/dm01_longitudinal/dm01_2022-06.zip,1312319,c1be1f93a410d89d8779056126a9a3c4ea00dfac623085e5d83e9f517ef7caff,2026-09-05T10:25:19.847223+00:00
dm01,2022-07,https://www.england.nhs.uk/statistics/wp-content/uploads/sites/2/2023/09/DM01-JULY-2022-full-extract_C3L10.zip,data/raw/dm01_longitudinal/dm01_2022-07.zip,1304923,0ad723ccf9d32d69f955e7ac4c03e381fdd3f237cc3c7b8869f1cabb22f09435,2026-09-05T10:25:19.847223+00:00
dm01,2022-08,https://www.england.nhs.uk/statistics/wp-content/uploads/sites/2/2023/09/DM01-AUGUST-2022-full-extract_C3L10.zip,data/raw/dm01_longitudinal/dm01_2022-08.zip,1347817,a8870287646054df929318dca747ec00fc8d79cdbf76e5c6a4abacd2260ab77e,2026-09-05T10:25:19.847223+00:00
dm01,2022-09,https://www.england.nhs.uk/statistics/wp-content/uploads/sites/2/2023/09/DM01-SEPTEMBER-2022-full-extract_C3L10.zip,data/raw/dm01_longitudinal/dm01_2022-09.zip,1337084,65af8df3a0cd67597bfd865e4560bd8434f869e5104e9b3fdd5768a6d85887fe,2026-09-05T10:25:19.847223+00:00
dm01,2022-10,https://www.england.nhs.uk/statistics/wp-content/uploads/sites/2/2023/09/DM01-OCTOBER-2022-full-extract_C3L10.zip,data/raw/dm01_longitudinal/dm01_2022-10.zip,1310059,2e295714e87bebc62f970676bba845458c4e3be1956ce963b2b60820f5c4d6e6,2026-09-05T10:25:19.847223+00:00
dm01,2022-11,https://www.england.nhs.uk/statistics/wp-content/uploads/sites/2/2023/09/DM01-NOVEMBER-2022-full-extract_C3L10.zip,data/raw/dm01_longitudinal/dm01_2022-11.zip,1306924,f11ae01d57d10f749905849a937a1911a0a63ecfcc4564ed94b232ceee6f9ff9,2026-09-05T10:25:19.847223+00:00
dm01,2022-12,https://www.england.nhs.uk/statistics/wp-content/uploads/sites/2/2023/09/DM01-DECEMBER-2022-full-extract_C3L10.zip,data/raw/dm01_longitudinal/dm01_2022-12.zip,1289080,9f1052a3cef4b01345524e3279a377bddbbb2ffaaed083b6164cf51ffbcc669e,2026-09-05T10:25:19.847223+00:00
dm01,2023-01,https://www.england.nhs.uk/statistics/wp-content/uploads/sites/2/2023/09/DM01-JANUARY-2023-full-extract_C3L10.zip,data/raw/dm01_longitudinal/dm01_2023-01.zip,1301005,a8d319d81c7023ecee109f4b6e0b6ccc5851c22984e611115e9f35c898414892,2026-09-05T10:25:19.847223+00:00
dm01,2023-02,https://www.england.nhs.uk/statistics/wp-content/uploads/sites/2/2023/04/DM01-FEBRUARY-2023-full-extract_C3L32.zip,data/raw/dm01_longitudinal/dm01_2023-02.zip,1292426,f003762e88dd0cba769f6ca62779be4286499ba5850547d7a2dc65afefbf9de5,2026-09-05T10:25:19.847223+00:00
dm01,2023-03,https://www.england.nhs.uk/statistics/wp-content/uploads/sites/2/2023/05/DM01-MARCH-2023-full-extract_OLEX2.zip,data/raw/dm01_longitudinal/dm01_2023-03.zip,1185037,4dfe6a72627596dc980da04a77ae31d524802724e6c1a5fb2d2eca325d32e631,2026-09-05T10:25:19.847223+00:00
dm01,2023-04,https://www.england.nhs.uk/statistics/wp-content/uploads/sites/2/2024/08/DM01-APRIL-2023-full-extract.zip,data/raw/dm01_longitudinal/dm01_2023-04.zip,1311580,c6a35af3e900bd32dc781d172019c82228e1a9b7698705354e4d2c3ef3c6dfe4,2026-09-05T10:25:19.847223+00:00
dm01,2023-05,https://www.england.nhs.uk/statistics/wp-content/uploads/sites/2/2024/08/DM01-MAY-2023-full-extract.zip,data/raw/dm01_longitudinal/dm01_2023-05.zip,1322001,05fa8a157ef21c1c36953d71d76af7738dac5fab8c81de8e1b5809411d95278a,2026-09-05T10:25:19.847223+00:00
dm01,2023-06,https://www.england.nhs.uk/statistics/wp-content/uploads/sites/2/2024/08/DM01-JUNE-2023-full-extract.zip,data/raw/dm01_longitudinal/dm01_2023-06.zip,1339756,ea5d941afd7b8e327066d562f1ca64fa8ffdcf492d1f58c2c798a244967858ea,2026-09-05T10:25:19.847223+00:00
dm01,2023-07,https://www.england.nhs.uk/statistics/wp-content/uploads/sites/2/2024/08/DM01-JULY-2023-full-extract.zip,data/raw/dm01_longitudinal/dm01_2023-07.zip,1344110,a46da4e6c9eaec96d96b21c81dd45420251ef511daab96919fa28eb744b5aa39,2026-09-05T10:25:19.847223+00:00
dm01,2023-08,https://www.england.nhs.uk/statistics/wp-content/uploads/sites/2/2024/08/DM01-AUGUST-2023-full-extract.zip,data/raw/dm01_longitudinal/dm01_2023-08.zip,1360389,037eb9d27a05d6e59c63ecc5ca83b8db132c9140846b467c139437c04c55cf6d,2026-09-05T10:25:19.847223+00:00
dm01,2023-09,https://www.england.nhs.uk/statistics/wp-content/uploads/sites/2/2024/08/DM01-SEPTEMBER-2023-full-extract.zip,data/raw/dm01_longitudinal/dm01_2023-09.zip,1349261,7cd14d3846a4068b1281c64799d2535635696b26df5635c519f08dcfdd333cca,2026-09-05T10:25:19.847223+00:00
dm01,2023-10,https://www.england.nhs.uk/statistics/wp-content/uploads/sites/2/2024/08/DM01-OCTOBER-2023-full-extract.zip,data/raw/dm01_longitudinal/dm01_2023-10.zip,1355170,83eec4975b9d5d0f58f5a8ccc4f14e32d78b7270099ddbb21b883d3c5dc50097,2026-09-05T10:25:19.847223+00:00
dm01,2023-11,https://www.england.nhs.uk/statistics/wp-content/uploads/sites/2/2024/08/DM01-NOVEMBER-2023-full-extract.zip,data/raw/dm01_longitudinal/dm01_2023-11.zip,1350192,837fc663c6a80ca3239a3bd5ef4cfd351bc4979e92bae1efef3fff16a55598f3,2026-09-05T10:25:19.847223+00:00
dm01,2023-12,https://www.england.nhs.uk/statistics/wp-content/uploads/sites/2/2024/08/DM01-DECEMBER-2023-full-extract.zip,data/raw/dm01_longitudinal/dm01_2023-12.zip,1348002,782ed4f928245a58c9ca3b144ce8f7b9ad310bd8f168f6a52b1488840bab81c1,2026-09-05T10:25:19.847223+00:00
dm01,2024-01,https://www.england.nhs.uk/statistics/wp-content/uploads/sites/2/2025/07/DM01-JANUARY-2024-full-extract.zip,data/raw/dm01_longitudinal/dm01_2024-01.zip,1224193,d836f98a4cf9541521717c63c679cf78f06790a53158dee37f11b16639afa3ff,2026-09-05T10:25:19.847223+00:00
dm01,2024-02,https://www.england.nhs.uk/statistics/wp-content/uploads/sites/2/2025/07/DM01-FEBRUARY-2024-full-extract.zip,data/raw/dm01_longitudinal/dm01_2024-02.zip,1205949,0ef19521f82878c34f36b2e7963c3408f2aee4d3c9b3d421c2b8f8f031275213,2026-09-05T10:25:19.847223+00:00
dm01,2024-03,https://www.england.nhs.uk/statistics/wp-content/uploads/sites/2/2025/07/DM01-MARCH-2024-full-extract.zip,data/raw/dm01_longitudinal/dm01_2024-03.zip,1232052,aecc113294b61d96820de77f359c2e8bfa66f92c8feecf3d0aa518608b50277b,2026-09-05T10:25:19.847223+00:00
dm01,2024-04,https://www.england.nhs.uk/statistics/wp-content/uploads/sites/2/2025/07/DM01-APRIL-2024-full-extract.zip,data/raw/dm01_longitudinal/dm01_2024-04.zip,1249100,5d0f69c70b3e9183fdd77eea1451adaebe449bd31717d01847806322f9798c77,2026-09-05T10:25:19.847223+00:00
dm01,2024-05,https://www.england.nhs.uk/statistics/wp-content/uploads/sites/2/2025/07/DM01-MAY-2024-full-extract.zip,data/raw/dm01_longitudinal/dm01_2024-05.zip,1264571,df6c9534878f3cabecc3ce13faf9f76ba9569755abfc1676d02df366d459c787,2026-09-05T10:25:19.847223+00:00
dm01,2024-06,https://www.england.nhs.uk/statistics/wp-content/uploads/sites/2/2025/07/DM01-JUNE-2024-full-extract.zip,data/raw/dm01_longitudinal/dm01_2024-06.zip,1254674,31165e8bc5c2a4b44d9454496db31bbf8d9cdd78cb7b45817c883e088ee08661,2026-09-05T10:25:19.847223+00:00
dm01,2024-07,https://www.england.nhs.uk/statistics/wp-content/uploads/sites/2/2025/07/DM01-JULY-2024-full-extract.zip,data/raw/dm01_longitudinal/dm01_2024-07.zip,1265472,0fe04342a6b3c1bc1a164b681874bd846d4dd58663c7b840b12cbe40b6bbfd3d,2026-09-05T10:25:19.847223+00:00
dm01,2024-08,https://www.england.nhs.uk/statistics/wp-content/uploads/sites/2/2025/07/DM01-AUGUST-2024-full-extract.zip,data/raw/dm01_longitudinal/dm01_2024-08.zip,1273723,49b1b9e83ad5273c48572df75de831b7628dc30e0575a7a719eb0ab78cdb917d,2026-09-05T10:25:19.847223+00:00
dm01,2024-09,https://www.england.nhs.uk/statistics/wp-content/uploads/sites/2/2025/07/DM01-SEPTEMBER-2024-full-extract.zip,data/raw/dm01_longitudinal/dm01_2024-09.zip,1253289,c7bf62737bc7bbb9d1d5301cca9f4117f3c877b23bafcff5370c86a01199387d,2026-09-05T10:25:19.847223+00:00
dm01,2024-10,https://www.england.nhs.uk/statistics/wp-content/uploads/sites/2/2025/07/DM01-OCTOBER-2024-full-extract.zip,data/raw/dm01_longitudinal/dm01_2024-10.zip,1269073,21127ae0ed7a85be95b15026dd106b45313267465474bae693f6e1a27bad99c8,2026-09-05T10:25:19.847223+00:00
dm01,2024-11,https://www.england.nhs.uk/statistics/wp-content/uploads/sites/2/2025/07/DM01-NOVEMBER-2024-full-extract.zip,data/raw/dm01_longitudinal/dm01_2024-11.zip,1241700,73bea43a957dbd88cdb0d88d8496abbb76eade9f1fbb6d8969494effdb0b56dd,2026-09-05T10:25:19.847223+00:00
dm01,2024-12,https://www.england.nhs.uk/statistics/wp-content/uploads/sites/2/2025/07/DM01-DECEMBER-2024-full-extract.zip,data/raw/dm01_longitudinal/dm01_2024-12.zip,1260246,130d0d5869b22452e34ccb67ed4e31cedeff86720f8aa8ea0261d156e17b9bdc,2026-09-05T10:25:19.847223+00:00
dm01,2025-01,https://www.england.nhs.uk/statistics/wp-content/uploads/sites/2/2026/04/DM01-JANUARY-2025-full-extract_M0N7G.zip,data/raw/dm01_longitudinal/dm01_2025-01.zip,1254739,d9fae66beec6646da7141fbd77c2598cefc0508394274527a7034ba4148f2183,2026-09-05T10:25:19.847223+00:00
dm01,2025-02,https://www.england.nhs.uk/statistics/wp-content/uploads/sites/2/2026/04/DM01-FEBRUARY-2025-full-extract_M0N7G.zip,data/raw/dm01_longitudinal/dm01_2025-02.zip,1204141,a4b49590a3b40da2eb0769f48691c96dc7aebc72b70b8d40aff326852ebf732c,2026-09-05T10:25:19.847223+00:00
dm01,2025-03,https://www.england.nhs.uk/statistics/wp-content/uploads/sites/2/2026/04/DM01-MARCH-2025-full-extract_M0N7G.zip,data/raw/dm01_longitudinal/dm01_2025-03.zip,1230165,108817ebbecad416a1570f8631705f68a852d1298b17dfabd51cf3bbac4bca97,2026-09-05T10:25:19.847223+00:00
dm01,2025-04,https://www.england.nhs.uk/statistics/wp-content/uploads/sites/2/2026/04/DM01-APRIL-2025-full-extract_M0N7G.zip,data/raw/diagnostics/Monthly-Diagnostics-April-2025/DM01-APRIL-2025-full-extract_M0N7G.zip,1283238,9dfe44e8646203711b29d6de68520bc2504606b1ecd0f40986b6db77b90a46b8,2026-09-05T10:25:19.847223+00:00
dm01,2025-05,https://www.england.nhs.uk/statistics/wp-content/uploads/sites/2/2026/04/DM01-MAY-2025-full-extract_M0N7G.zip,data/raw/diagnostics/Monthly-Diagnostics-May-2025/DM01-MAY-2025-full-extract_M0N7G.zip,1294795,b8f1203acddf363d2b66e070d12a5a30149d76c7812d29d47bd668b2c54d6fca,2026-09-05T10:25:19.847223+00:00
dm01,2025-06,https://www.england.nhs.uk/statistics/wp-content/uploads/sites/2/2026/04/DM01-JUNE-2025-full-extract_M0N7G.zip,data/raw/diagnostics/Monthly-Diagnostics-June-2025/DM01-JUNE-2025-full-extract_M0N7G.zip,1299022,2e0a121962f45022c3120962a82ed83e1eb4e503e57947a4294564e38d0bce8f,2026-09-05T10:25:19.847223+00:00
dm01,2025-07,https://www.england.nhs.uk/statistics/wp-content/uploads/sites/2/2026/04/DM01-JULY-2025-full-extract_M0N7G.zip,data/raw/diagnostics/Monthly-Diagnostics-July-2025/DM01-JULY-2025-full-extract_M0N7G.zip,1334335,2175d2f98585c341b91f4d0e567ae44f4c84352edbffbc962de2b392440204ac,2026-09-05T10:25:19.847223+00:00
dm01,2025-08,https://www.england.nhs.uk/statistics/wp-content/uploads/sites/2/2026/04/DM01-AUGUST-2025-full-extract_M0N7G.zip,data/raw/diagnostics/Monthly-Diagnostics-August-2025/DM01-AUGUST-2025-full-extract_M0N7G.zip,1318070,6a5bbee0e87d2dee90836adbbe3a225c1921291225492031fd11fd641db2220e,2026-09-05T10:25:19.847223+00:00
dm01,2025-09,https://www.england.nhs.uk/statistics/wp-content/uploads/sites/2/2025/11/DM01-SEPTEMBER-2025-full-extract_M0NX3.zip,data/raw/diagnostics/Monthly-Diagnostics-September-2025/DM01-SEPTEMBER-2025-full-extract_M0NX3.zip,1259978,455115a66ab12af5ce6edf994317e181dac41cca3968c617ca647caf5095c0cb,2026-09-05T10:25:19.847223+00:00
dm01,2025-10,https://www.england.nhs.uk/statistics/wp-content/uploads/sites/2/2025/12/DM01-OCTOBER-2025-full-extract_F5GI8.zip,data/raw/diagnostics/Monthly-Diagnostics-October-2025/DM01-OCTOBER-2025-full-extract_F5GI8.zip,1291014,8d980440f007481be6d8e6a5ecb319ba041a1eb2b05a251ce65abefd29759eb0,2026-09-05T10:25:19.847223+00:00
dm01,2025-11,https://www.england.nhs.uk/statistics/wp-content/uploads/sites/2/2026/01/DM01-NOVEMBER-2025-full-extract_8HM0N.zip,data/raw/diagnostics/Monthly-Diagnostics-November-2025/DM01-NOVEMBER-2025-full-extract_8HM0N.zip,1257390,8bcf4473e4be87aa9437b70171286b06706c8b3b4d86d6081bd124848da0693e,2026-09-05T10:25:19.847223+00:00
dm01,2025-12,https://www.england.nhs.uk/statistics/wp-content/uploads/sites/2/2026/02/DM01-DECEMBER-2025-full-extract_EDNKH.zip,data/raw/diagnostics/Monthly-Diagnostics-December-2025/DM01-DECEMBER-2025-full-extract_EDNKH.zip,1293816,c114bbc9cf05b4a9fc15114120701e50cd473af9dd936e85346538368f125153,2026-09-05T10:25:19.847223+00:00
dm01,2026-01,https://www.england.nhs.uk/statistics/wp-content/uploads/sites/2/2026/03/DM01-JANUARY-2026-full-extract_42P3N.zip,data/raw/diagnostics/Monthly-Diagnostics-January-2026/DM01-JANUARY-2026-full-extract_42P3N.zip,1275067,2795526c4008b2587682202143c22a2060971c20e402c76142e1f20e97252df3,2026-09-05T10:25:19.847223+00:00
dm01,2026-02,https://www.england.nhs.uk/statistics/wp-content/uploads/sites/2/2026/04/DM01-FEBRUARY-2026-full-extract_M0N7G.zip,data/raw/diagnostics/Monthly-Diagnostics-February-2026/DM01-FEBRUARY-2026-full-extract_M0N7G.zip,1263689,2443a12557df8c101da6944d32a0fbd00fdad111c123adf3defe0bad36e4155f,2026-09-05T10:25:19.847223+00:00
dm01,2026-03,https://www.england.nhs.uk/statistics/wp-content/uploads/sites/2/2026/05/DM01-MARCH-2026-full-extract_32W3L.zip,data/raw/diagnostics/Monthly-Diagnostics-March-2026/DM01-MARCH-2026-full-extract_32W3L.zip,1311125,5bb102b7141cf03ba57da1894af842ae696d8e62111ebce2eca75bc8c7923c79,2026-09-05T10:25:19.847223+00:00
dm01,2026-04,https://www.england.nhs.uk/statistics/wp-content/uploads/sites/2/2026/06/DM01-APRIL-2026-full-extract.zip,data/raw/diagnostics/Monthly-Diagnostics-April-2026/DM01-APRIL-2026-full-extract.zip,1260486,b0be994dbfe1789b91891d97a18351d020c5c86539b5e075bf27fc46af475f0f,2026-09-05T10:25:19.847223+00:00
dm01,2026-05,https://www.england.nhs.uk/statistics/wp-content/uploads/sites/2/2026/07/DM01-MAY-2026-full-extract_8BN1G.zip,data/raw/dm01_longitudinal/dm01_2026-05.zip,1289093,56e9e1ad552f368d3512618abbdcd6bc9189f995e2dd3f579ec4af9cdd8d1c0d,2026-09-05T10:25:19.847223+00:00
dm01,2026-06,https://www.england.nhs.uk/statistics/wp-content/uploads/sites/2/2026/08/DM01-JUNE-2026-full-extract_P1BDL.zip,data/raw/dm01_longitudinal/dm01_2026-06.zip,1291472,39083b84b88e95f15e40fbb9306092ad54e081303d9b1855ddbb4b05af065d86,2026-09-05T10:25:19.847223+00:00
rtt,2022-04,https://www.england.nhs.uk/statistics/wp-content/uploads/sites/2/2023/03/Full-CSV-data-file-Apr22-revised-ZIP-4253.zip,data/raw/rtt_longitudinal/rtt_2022-04.zip,4354303,6e7c4fa9541a3265acdd75776711b494ea995d37b8f64875711aacff6178e97f,2026-09-05T10:25:19.847223+00:00
rtt,2022-05,https://www.england.nhs.uk/statistics/wp-content/uploads/sites/2/2023/03/Full-CSV-data-file-May22-revised-ZIP-4392K.zip,data/raw/rtt_longitudinal/rtt_2022-05.zip,4497292,5626e9cf0dd9aee29164ef57587327f39dda09b20268e0b5dd66ff4964af6ede,2026-09-05T10:25:19.847223+00:00
rtt,2022-06,https://www.england.nhs.uk/statistics/wp-content/uploads/sites/2/2023/03/Full-CSV-data-file-Jun22-revised-ZIP-4253.zip,data/raw/rtt_longitudinal/rtt_2022-06.zip,4474875,178266e5478134f3b10b0698cea3e29f56d0cabca6ea5337bdb7bdc875eb0228,2026-09-05T10:25:19.847223+00:00
rtt,2022-07,https://www.england.nhs.uk/statistics/wp-content/uploads/sites/2/2023/03/Full-CSV-data-file-Jul22-revised-ZIP-3642K.zip,data/raw/rtt_longitudinal/rtt_2022-07.zip,3729357,a1e357dd0e699cd038451370a8bcb87089a0bddadc933b27b2cd8398706b4ff3,2026-09-05T10:25:19.847223+00:00
rtt,2022-08,https://www.england.nhs.uk/statistics/wp-content/uploads/sites/2/2023/03/Full-CSV-data-file-Aug22-revised-ZIP-3488K.zip,data/raw/rtt_longitudinal/rtt_2022-08.zip,3570819,cc1340db7f7742f8cbe98f4aa075ae97cf7add2b7c72b109a2fd2e2ba07e1197,2026-09-05T10:25:19.847223+00:00
rtt,2022-09,https://www.england.nhs.uk/statistics/wp-content/uploads/sites/2/2023/03/Full-CSV-data-file-Sep22-revised-ZIP-3542K.zip,data/raw/rtt_longitudinal/rtt_2022-09.zip,3607788,9585219f86ad2ee611cd25f135c032209d7a5020670c909d80e21837cdc07452,2026-09-05T10:25:19.847223+00:00
rtt,2022-10,https://www.england.nhs.uk/statistics/wp-content/uploads/sites/2/2023/08/Full-CSV-data-file-Oct22-revised-ZIP-3473K.zip,data/raw/rtt_longitudinal/rtt_2022-10.zip,3555937,532e0cf5eac8f747dc2088060449424aae0909fbb178a56091c2a57b5ff8b989,2026-09-05T10:25:19.847223+00:00
rtt,2022-11,https://www.england.nhs.uk/statistics/wp-content/uploads/sites/2/2023/08/Full-CSV-data-file-Nov22-revised-ZIP-3508K.zip,data/raw/rtt_longitudinal/rtt_2022-11.zip,3592039,446b873a6b568b2b073a7945e1af40fe42fc5e75f2674dc5fa33659adf22a046,2026-09-05T10:25:19.847223+00:00
rtt,2022-12,https://www.england.nhs.uk/statistics/wp-content/uploads/sites/2/2023/08/Full-CSV-data-file-Dec22-revised-ZIP-3631K.zip,data/raw/rtt_longitudinal/rtt_2022-12.zip,3717621,e7371a0132a583f86b7726dd8d7055838306c535484cf1ff62e4b81390ec0242,2026-09-05T10:25:19.847223+00:00
rtt,2023-01,https://www.england.nhs.uk/statistics/wp-content/uploads/sites/2/2023/08/Full-CSV-data-file-Jan23-revised-ZIP-3609K.zip,data/raw/rtt_longitudinal/rtt_2023-01.zip,3694680,a8a751cfab40513ab46ed8b65e700f35903834d5375912288615379dc09aa3aa,2026-09-05T10:25:19.847223+00:00
rtt,2023-02,https://www.england.nhs.uk/statistics/wp-content/uploads/sites/2/2023/08/Full-CSV-data-file-Feb23-revised-ZIP-3784K.zip,data/raw/rtt_longitudinal/rtt_2023-02.zip,3874350,8ef8ff89d05638b4fcc3ae73a2a4ab47eb96cccc8161a1dd96d69ed8cd914f36,2026-09-05T10:25:19.847223+00:00
rtt,2023-03,https://www.england.nhs.uk/statistics/wp-content/uploads/sites/2/2023/08/Full-CSV-data-file-Mar23-revised-ZIP-3589K.zip,data/raw/rtt_longitudinal/rtt_2023-03.zip,3674951,257f9054beb26169178bac9f539d0e021bf4abdbb06204d0fcf23e0708e784cb,2026-09-05T10:25:19.847223+00:00
rtt,2023-04,https://www.england.nhs.uk/statistics/wp-content/uploads/sites/2/2023/06/Full-CSV-data-file-Apr23-ZIP-3528K-36960.zip,data/raw/rtt_longitudinal/rtt_2023-04.zip,3611832,1f84981560dcb79662a96f4f548a1cbcad958edf635d443c01e3bb49c8895e19,2026-09-05T10:25:19.847223+00:00
rtt,2023-05,https://www.england.nhs.uk/statistics/wp-content/uploads/sites/2/2024/01/Full-CSV-data-file-May23-ZIP-3627K-revised.zip,data/raw/rtt_longitudinal/rtt_2023-05.zip,3713386,ad39b7485bfb531eb3a8882a931da3be4a0da082bf65e28e163a1d5bcc8446ce,2026-09-05T10:25:19.847223+00:00
rtt,2023-06,https://www.england.nhs.uk/statistics/wp-content/uploads/sites/2/2023/08/Full-CSV-data-file-Jun23-ZIP-3659K-64970.zip,data/raw/rtt_longitudinal/rtt_2023-06.zip,3746325,ddf1d174abf446eff4307f849ac5ca3a777e51fee221f8e753adfcf6b8560cea,2026-09-05T10:25:19.847223+00:00
rtt,2023-07,https://www.england.nhs.uk/statistics/wp-content/uploads/sites/2/2024/01/Full-CSV-data-file-Jul23-ZIP-3623K-revised.zip,data/raw/rtt_longitudinal/rtt_2023-07.zip,3709306,f0c2567c5ae02a16724c95b4e1dc55e5089f433790a2710de71449c6f15b7c36,2026-09-05T10:25:19.847223+00:00
rtt,2023-08,https://www.england.nhs.uk/statistics/wp-content/uploads/sites/2/2024/01/Full-CSV-data-file-Aug23-ZIP-3646K-revised.zip,data/raw/rtt_longitudinal/rtt_2023-08.zip,3732582,dc0ece496b80d439bf9d19621644ac981939a17eada28eb00753b6ddaf880aed,2026-09-05T10:25:19.847223+00:00
rtt,2023-09,https://www.england.nhs.uk/statistics/wp-content/uploads/sites/2/2024/01/Full-CSV-data-file-Sep23-ZIP-3654K-revised.zip,data/raw/rtt_longitudinal/rtt_2023-09.zip,3741036,de5949d96492a66364ebfa69f198be3faa788721debeb6238a43b0c50a0adc5b,2026-09-05T10:25:19.847223+00:00
rtt,2023-10,https://www.england.nhs.uk/statistics/wp-content/uploads/sites/2/2024/07/Full-CSV-data-file-Oct23-ZIP-3928K-revised.zip,data/raw/rtt_longitudinal/rtt_2023-10.zip,4021266,fa76b071a544bdc072898cd86ccb2cc3990a3a73acd5697822e4bc103c633f9b,2026-09-05T10:25:19.847223+00:00
rtt,2023-11,https://www.england.nhs.uk/statistics/wp-content/uploads/sites/2/2024/07/Full-CSV-data-file-Nov23-ZIP-3952K-revised.zip,data/raw/rtt_longitudinal/rtt_2023-11.zip,4046394,6cfb6d0971cd51ad6d0f6770dc6e697cf742f28d321d531f4f85b9f5f8cc6c4a,2026-09-05T10:25:19.847223+00:00
rtt,2023-12,https://www.england.nhs.uk/statistics/wp-content/uploads/sites/2/2024/07/Full-CSV-data-file-Dec23-ZIP-3800K-revised.zip,data/raw/rtt_longitudinal/rtt_2023-12.zip,3890897,b14a5bf401ce184ff7ca5d3f51eb57fb1f998a8425172dcb824c849038ec9232,2026-09-05T10:25:19.847223+00:00
rtt,2024-01,https://www.england.nhs.uk/statistics/wp-content/uploads/sites/2/2024/07/Full-CSV-data-file-Jan24-ZIP-3943K-revised.zip,data/raw/rtt_longitudinal/rtt_2024-01.zip,4037394,4d331d2f2b39c5422ce37ec8b54266be180275836c6943c2f2e48418b03ecc6d,2026-09-05T10:25:19.847223+00:00
rtt,2024-02,https://www.england.nhs.uk/statistics/wp-content/uploads/sites/2/2024/07/Full-CSV-data-file-Feb24-ZIP-3881K-revised.zip,data/raw/rtt_longitudinal/rtt_2024-02.zip,3973538,788042589c2c5de5be99635b331b4dd177f9381be05689fe4e37f1b485375d6c,2026-09-05T10:25:19.847223+00:00
rtt,2024-03,https://www.england.nhs.uk/statistics/wp-content/uploads/sites/2/2024/07/Full-CSV-data-file-Mar24-ZIP-3832K-revised.zip,data/raw/rtt_longitudinal/rtt_2024-03.zip,3923954,c45138dde227906722d8167a7fa6c26fa15d3cc6fc780c86c216a7c215bce06d,2026-09-05T10:25:19.847223+00:00
rtt,2024-04,https://www.england.nhs.uk/statistics/wp-content/uploads/sites/2/2025/02/Full-CSV-data-file-Apr24-ZIP-4M-revised.zip,data/raw/rtt_longitudinal/rtt_2024-04.zip,3606617,ea93464629bc37f2472e731ba0b92107969908b393579b907754aed37a511cb8,2026-09-05T10:25:19.847223+00:00
rtt,2024-05,https://www.england.nhs.uk/statistics/wp-content/uploads/sites/2/2025/02/Full-CSV-data-file-May24-ZIP-4M-revised.zip,data/raw/rtt_longitudinal/rtt_2024-05.zip,3607786,6b29f627cd7fe09a6654f4dd6e212ba995ace1cecd2789efe846a67a157ea456,2026-09-05T10:25:19.847223+00:00
rtt,2024-06,https://www.england.nhs.uk/statistics/wp-content/uploads/sites/2/2025/02/Full-CSV-data-file-Jun24-ZIP-4M-revised.zip,data/raw/rtt_longitudinal/rtt_2024-06.zip,3590635,f02e713903d02816ab262d35818a8b13652a50858db500780380ece0e210ad84,2026-09-05T10:25:19.847223+00:00
rtt,2024-07,https://www.england.nhs.uk/statistics/wp-content/uploads/sites/2/2025/02/Full-CSV-data-file-Jul24-ZIP-4M-revised.zip,data/raw/rtt_longitudinal/rtt_2024-07.zip,3647842,133d61b81755815d4c8e8b47ec32a6679fc5b9ede5b00ef26e8d1dff52223a11,2026-09-05T10:25:19.847223+00:00
rtt,2024-08,https://www.england.nhs.uk/statistics/wp-content/uploads/sites/2/2025/02/Full-CSV-data-file-Aug24-ZIP-4M-revised.zip,data/raw/rtt_longitudinal/rtt_2024-08.zip,3606755,589c8007b849ddb011d8a7846f480861bbd38df729287afd07fe9bfe404434e5,2026-09-05T10:25:19.847223+00:00
rtt,2024-09,https://www.england.nhs.uk/statistics/wp-content/uploads/sites/2/2025/02/Full-CSV-data-file-Sep24-ZIP-4M-revised.zip,data/raw/rtt_longitudinal/rtt_2024-09.zip,3635692,cc88adf7df975eff9cd95c95ee773e2afbb019c94d0744514b70b74016519e0d,2026-09-05T10:25:19.847223+00:00
rtt,2024-10,https://www.england.nhs.uk/statistics/wp-content/uploads/sites/2/2025/07/Full-CSV-data-file-Oct24-ZIP-4M-revised.zip,data/raw/rtt_longitudinal/rtt_2024-10.zip,3786348,68f69c5c11fa4c7eb40b02746fa5a6b8042f27a95beaf11a5245b99332af07b8,2026-09-05T10:25:19.847223+00:00
rtt,2024-11,https://www.england.nhs.uk/statistics/wp-content/uploads/sites/2/2025/07/Full-CSV-data-file-Nov24-ZIP-4M-revised.zip,data/raw/rtt_longitudinal/rtt_2024-11.zip,3737216,558923a9bc82748523430228b7b1a89d3bb9d81357feae5cc2496193708cea83,2026-09-05T10:25:19.847223+00:00
rtt,2024-12,https://www.england.nhs.uk/statistics/wp-content/uploads/sites/2/2025/07/Full-CSV-data-file-Dec24-ZIP-4M-revised.zip,data/raw/rtt_longitudinal/rtt_2024-12.zip,3646614,e39ad654bc1ab303b344037dd16d3fa4d3c2ee8c03931d53ef47341382f860cb,2026-09-05T10:25:19.847223+00:00
rtt,2025-01,https://www.england.nhs.uk/statistics/wp-content/uploads/sites/2/2025/07/Full-CSV-data-file-Jan25-ZIP-4M-revised.zip,data/raw/rtt_longitudinal/rtt_2025-01.zip,3755766,b5073b698e33df82a87798c12fc3afe6bc683b9a8c5235e46d2b64bb1245f6f3,2026-09-05T10:25:19.847223+00:00
rtt,2025-02,https://www.england.nhs.uk/statistics/wp-content/uploads/sites/2/2025/07/Full-CSV-data-file-Feb25-ZIP-4M-revised.zip,data/raw/rtt_longitudinal/rtt_2025-02.zip,3679163,7b3b57ac8b93f063d1f2c08e705daa42595aaae87619b88f71edf6128a115d22,2026-09-05T10:25:19.847223+00:00
rtt,2025-03,https://www.england.nhs.uk/statistics/wp-content/uploads/sites/2/2025/07/Full-CSV-data-file-Mar25-ZIP-4M-revised.zip,data/raw/rtt_longitudinal/rtt_2025-03.zip,3678378,9f2c5608ebfb11d6f07815346c365f536b2c15dcca5f59ccc71a98cb3ec6761c,2026-09-05T10:25:19.847223+00:00
rtt,2025-04,https://www.england.nhs.uk/statistics/wp-content/uploads/sites/2/2026/02/Full-CSV-data-file-Apr25-ZIP-4M-revised.zip,data/raw/rtt/RTT REFERAL 2025-2026/April 2025 data/Full-CSV-data-file-Apr25-ZIP-4M-revised.zip,3658278,f3c71481be0b5a38916f14aa69bbbcc61156337a47a849a251f30ef99cfacca1,2026-09-05T10:25:19.847223+00:00
rtt,2025-05,https://www.england.nhs.uk/statistics/wp-content/uploads/sites/2/2026/02/Full-CSV-data-file-May25-ZIP-4M-revised.zip,data/raw/rtt/RTT REFERAL 2025-2026/May 2025 data/Full-CSV-data-file-May25-ZIP-4M-revised.zip,3635642,ffcef0fa72e34aa6dc22c7871f3afe3c6f496b763b1f3f04d40de99971232db7,2026-09-05T10:25:19.847223+00:00
rtt,2025-06,https://www.england.nhs.uk/statistics/wp-content/uploads/sites/2/2026/02/Full-CSV-data-file-Jun25-ZIP-4M-revised.zip,data/raw/rtt/RTT REFERAL 2025-2026/June 2025 data/Full-CSV-data-file-Jun25-ZIP-4M-revised.zip,3676726,457b1380ec57aad1b0065fc1d6ea9ad40258484a697ee768771f33d30fca8403,2026-09-05T10:25:19.847223+00:00
rtt,2025-07,https://www.england.nhs.uk/statistics/wp-content/uploads/sites/2/2026/02/Full-CSV-data-file-Jul25-ZIP-4M-revised-2.zip,data/raw/rtt/RTT REFERAL 2025-2026/July 2025 data/Full-CSV-data-file-Jul25-ZIP-4M-revised-2.zip,3670316,3ab19d09ce7e683c46074a3349004b73a2bd0a059e4d1b4fd46cf64a4405bdb8,2026-09-05T10:25:19.847223+00:00
rtt,2025-08,https://www.england.nhs.uk/statistics/wp-content/uploads/sites/2/2026/02/Full-CSV-data-file-Aug25-ZIP-4M-revised-2.zip,data/raw/rtt/RTT REFERAL 2025-2026/Aug 2025 data/Full-CSV-data-file-Aug25-ZIP-4M-revised-2.zip,3564657,bf39a5402969ce6103e335dbfe05636cdaef552df7602c8035a79b4a58557be5,2026-09-05T10:25:19.847223+00:00
rtt,2025-09,https://www.england.nhs.uk/statistics/wp-content/uploads/sites/2/2026/02/Full-CSV-data-file-Sep25-ZIP-4M-revised.zip,data/raw/rtt/RTT REFERAL 2025-2026/Sept 2025 data/Full-CSV-data-file-Sep25-ZIP-4M-revised.zip,3686670,acd46c7f1451f992a4ac9c73bff1e00ac5311001111b666921d44c857a301934,2026-09-05T10:25:19.847223+00:00
rtt,2025-10,https://www.england.nhs.uk/statistics/wp-content/uploads/sites/2/2025/12/Full-CSV-data-file-Oct25-ZIP-4M-SrRW6y.zip,data/raw/rtt/RTT REFERAL 2025-2026/Oct 2025 data/Full-CSV-data-file-Oct25-ZIP-4M-SrRW6y.zip,3672768,e12eb4af906f30fa70c8de494ea8fe8a563156e3d0631e47d0df4dc0f2f41fb8,2026-09-05T10:25:19.847223+00:00
rtt,2025-11,https://www.england.nhs.uk/statistics/wp-content/uploads/sites/2/2026/01/Full-CSV-data-file-Nov25-ZIP-4M-1Xmjkk.zip,data/raw/rtt/RTT REFERAL 2025-2026/Nov 2025 data/Full-CSV-data-file-Nov25-ZIP-4M-1Xmjkk.zip,3579354,11e1d768ae2919f8c1943e30ff0354f8df71f96af188e4b99c1d9888d397dc62,2026-09-05T10:25:19.847223+00:00
rtt,2025-12,https://www.england.nhs.uk/statistics/wp-content/uploads/sites/2/2026/07/Full-CSV-data-file-Dec25-ZIP-3M-revised.zip,data/raw/rtt/RTT REFERAL 2025-2026/Dec 2025 data/Full-CSV-data-file-Dec25-ZIP-4M-6jPlxd.zip,3580339,7fb3dbdea5f33a02abb4fc0a6df5a3858e0e7c19c45f3d28f3c9b561a9d13985,2026-09-05T10:25:19.847223+00:00
rtt,2026-01,https://www.england.nhs.uk/statistics/wp-content/uploads/sites/2/2026/03/Full-CSV-data-file-Jan26-ZIP-4M-WL5BiP.zip,data/raw/rtt/RTT REFERAL 2025-2026/Jan 2026 data/Full-CSV-data-file-Jan26-ZIP-4M-WL5BiP.zip,3630829,392fa3583f10d2a5ee664850a54c0d60f501e83406a68a4d7617284bcf4bc465,2026-09-05T10:25:19.847223+00:00
rtt,2026-02,https://www.england.nhs.uk/statistics/wp-content/uploads/sites/2/2026/04/Full-CSV-data-file-Feb26-ZIP-4M-9j03fJT.zip,data/raw/rtt/RTT REFERAL 2025-2026/Feb 2026 data/Full-CSV-data-file-Feb26-ZIP-4M-9j03fJT.zip,3586742,fe6e012839a4e5676dc55c854e50bb6ba4c31de166aeee1882a1704c53304ec8,2026-09-05T10:25:19.847223+00:00
rtt,2026-03,https://www.england.nhs.uk/statistics/wp-content/uploads/sites/2/2026/07/Full-CSV-data-file-Mar26-ZIP-3M-revised.zip,data/raw/rtt/RTT REFERAL 2025-2026/Mar 2026 data/Full-CSV-data-file-Mar26-ZIP-4M-Dc1i9U.zip,3620380,f63019fec62878255cef353d42fa27db61e89ae7b08119775cc87438846258ff,2026-09-05T10:25:19.847223+00:00
rtt,2026-04,https://www.england.nhs.uk/statistics/wp-content/uploads/sites/2/2026/06/Full-CSV-data-file-Apr26-ZIP-3M-X7gGnn.zip,data/raw/rtt_longitudinal/rtt_2026-04.zip,3494764,d21b6444bd9f6a2b655619f532af9c528c3927226019127b3c467c2cf7717410,2026-09-05T10:25:19.847223+00:00
rtt,2026-05,https://www.england.nhs.uk/statistics/wp-content/uploads/sites/2/2026/07/Full-CSV-data-file-May26-ZIP-3M-3jBgba.zip,data/raw/rtt_longitudinal/rtt_2026-05.zip,3442357,b99c134c078f3d0e88238b32778ee0c24f96887387e30321ccf5ea78c3fa46eb,2026-09-05T10:25:19.847223+00:00
rtt,2026-06,https://www.england.nhs.uk/statistics/wp-content/uploads/sites/2/2026/08/Full-CSV-data-file-Jun26-ZIP-3M-6jPlxd.zip,data/raw/rtt_longitudinal/rtt_2026-06.zip,3513253,9ef9e86266655224f390e2e052de0f6a81da3e133f11c040a99f331339fe14e7,2026-09-05T10:25:19.847223+00:00
